tt6710474,Everything Everywhere All at Once (2022),https://imdb-api.com/images/original/MV5BYTdiOTIyZTQtNmQ1OS00NjZlLWIyMTgtYzk5Y2M3ZDVmMDk1XkEyXkFqcGdeQXVyMTAzMDg4NzU0._V1_Ratio0.6751_AL_.jpg,9,An aging Chinese immigrant is swept up in an insane adventure~^ where she alone can save the world by exploring other universes connecting with the lives she could have led.,Action:Adventure:Comedy,no,no
tt0253474,The Pianist (2002),https://imdb-api.com/images/original/MV5BOWRiZDIxZjktMTA1NC00MDQ2LWEzMjUtMTliZmY3NjQ3ODJiXkEyXkFqcGdeQXVyNjU0OTQ0OTY@._V1_Ratio0.6751_AL_.jpg,8.6,"In this adaptation of the autobiography ""The Pianist: The Extraordinary True Story of One Man's Survival in Warsaw~^ 1939-1945~^"" Wladyslaw Szpilman~^ a Polish Jewish radio station pianist~^ sees Warsaw change gradually as World War II begins. Szpilman is forced into the Warsaw Ghetto~^ but is later separated from his family during Operation Reinhard. From this time until the concentration camp prisoners are released~^ Szpilman hides in various locations among the ruins of Warsaw.",Biography:Drama:Music,no,yes
tt2582802,Whiplash (2014),https://imdb-api.com/images/original/MV5BOTA5NDZlZGUtMjAxOS00YTRkLTkwYmMtYWQ0NWEwZDZiNjEzXkEyXkFqcGdeQXVyMTMxODk2OTU@._V1_Ratio0.6751_AL_.jpg,8.5,Nineteen year old Andrew Niemann wants to be the greatest jazz drummer in the world~^ in a league with Buddy Rich. This goal is despite not coming from a pedigree of greatest~^ musical or otherwise~^ with Jim~^ his high school teacher father~^ being a failed writer. Andrew is starting his first year at Shaffer Conservatory of Music~^ the best music school in the United States. At Shaffer~^ being the best means being accepted to study under Terence Fletcher and being asked to play in his studio band~^ which represents the school at jazz competitions. Based on their less than positive first meeting~^ Andrew is surprised that Fletcher asks him to join the band~^ albeit in the alternate drummer position which he is more than happy to do initially. Andrew quickly learns that Fletcher operates on fear and intimidation~^ never settling for what he considers less than the best each and every time. Being the best in Fletcher's mind does not only entail playing well~^ but knowing that you're playing well and if not what you're doing wrong. His modus operandi creates an atmosphere of fear and of every man or woman for him/herself within the band. Regardless~^ Andrew works hard to be the best. He has to figure out his life priorities and what he is willing to sacrifice to be the best. The other question becomes how much emotional abuse he will endure by Fletcher to reach that greatness~^ which he may believe he can only achieve with the avenues opened up by Fletcher.,Drama:Music,no,yes
tt8503618,Hamilton (2020),https://imdb-api.com/images/original/MV5BNjViNWRjYWEtZTI0NC00N2E3LTk0NGQtMjY4NTM3OGNkZjY0XkEyXkFqcGdeQXVyMjUxMTY3ODM@._V1_Ratio0.6751_AL_.jpg,8.4,"Hamilton is the story of America then~^ told by America now. Featuring a score that blends hip-hop~^ jazz~^ R&B~^ and show tunes~^ ""Hamilton"" has taken the story of American founding father Alexander Hamilton and created a revolutionary moment in theater--a musical that has had a profound impact on culture~^ politics~^ and education. Captured at the Richard Rodgers Theater on Broadway in June 2016~^ the film transports its audience into the world of the Broadway show in a uniquely intimate way.",Biography:Drama:History,no,yes
tt7286456,Joker (2019),https://imdb-api.com/images/original/MV5BNGVjNWI4ZGUtNzE0MS00YTJmLWE0ZDctN2ZiYTk2YmI3NTYyXkEyXkFqcGdeQXVyMTkxNjUyNQ@@._V1_Ratio0.6751_AL_.jpg,8.4,Arthur Fleck works as a clown and is an aspiring stand-up comic. He has mental health issues~^ part of which involves uncontrollable laughter. Times are tough and~^ due to his issues and occupation~^ Arthur has an even worse time than most. Over time these issues bear down on him~^ shaping his actions~^ making him ultimately take on the persona he is more known as...Joker.,Crime:Drama:Thriller,yes,yes
tt10272386,The Father (2020),https://imdb-api.com/images/original/MV5BZGJhNWRiOWQtMjI4OS00ZjcxLTgwMTAtMzQ2ODkxY2JkOTVlXkEyXkFqcGdeQXVyMTkxNjUyNQ@@._V1_Ratio0.6751_AL_.jpg,8.3,Having just scared off his recent caregiver~^ Anthony~^ an ailing~^ octogenarian Londoner gradually succumbing to dementia~^ feels abandoned when concerned Anne~^ his daughter~^ tells him she's moving to Paris. Confused and upset~^ against the backdrop of a warped perspective and his rapid~^ heart-rending mental decline~^ Anthony is starting to lose his grip on reality~^ struggling to navigate the opaque landscape of present and past. Now~^ as faded memories and glimpses of lucidity trigger sudden mood swings~^ dear ones~^ Anthony's surroundings~^ and even time itself become distorted. Why has his younger daughter stopped visiting? Who are the strangers that burst in on Anthony?,Drama:Mystery,no,yes
tt1877830,The Batman (2022),https://imdb-api.com/images/original/MV5BMDdmMTBiNTYtMDIzNi00NGVlLWIzMDYtZTk3MTQ3NGQxZGEwXkEyXkFqcGdeQXVyMzMwOTU5MDk@._V1_Ratio0.6751_AL_.jpg,8.3,When the Riddler~^ a sadistic serial killer~^ begins murdering key political figures in Gotham~^ Batman is forced to investigate the city's hidden corruption and question his family's involvement.,Action:Crime:Drama,no,yes
tt0434409,V for Vendetta (2005),https://imdb-api.com/images/original/MV5BOTI5ODc3NzExNV5BMl5BanBnXkFtZTcwNzYxNzQzMw@@._V1_Ratio0.6751_AL_.jpg,8.2,"In the distant future~^ Evey Hammond is an average citizen of the United Kingdom~^ which is under the rule of the fascist and tyrannical Norsefire Party. She is an employee of the state-run British Television Network~^ but soon~^ she becomes the number one enemy of the state together with an enigmatic and larger-than-life freedom fighter known only by the letter ""V"". V informs Evey that she must hide in his underground lair for at least one year~^ and while she is reluctant to the idea at first~^ a bond soon forms between the two individuals. In the meanwhile~^ the mysterious past of V is gradually revealed to the police inspector tasked with capturing him~^ Eric Finch~^ and it is not long until he starts questioning everything his government stands for.",Action:Drama:Sci-Fi,no,yes
tt12361974,Zack Snyder's Justice League (2021),https://imdb-api.com/images/original/MV5BYjI3NDg0ZTEtMDEwYS00YWMyLThjYjktMTNlM2NmYjc1OGRiXkEyXkFqcGdeQXVyMTEyMjM2NDc2._V1_Ratio0.6751_AL_.jpg,8.1,Determined to ensure Superman's ultimate sacrifice was not in vain~^ Bruce Wayne aligns forces with Diana Prince with plans to recruit a team of metahumans to protect the world from an approaching threat of catastrophic proportions. The task proves more difficult than Bruce imagined~^ as each of the recruits must face the demons of their own pasts to transcend that which has held them back~^ allowing them to come together~^ finally forming an unprecedented league of heroes. Now united~^ Batman~^ Wonder Woman~^ Aquaman~^ Cyborg and The Flash may be too late to save the planet from Steppenwolf~^ DeSaad and Darkseid and their dreadful intentions.,Action:Adventure:Fantasy,no,yes
tt10366460,CODA (2021),https://imdb-api.com/images/original/MV5BYzkyNzNiMDItMGU1Yy00NmEyLWE4N2ItMjkzMDZmMmVhNDU4XkEyXkFqcGdeQXVyMTkxNjUyNQ@@._V1_Ratio0.6751_AL_.jpg,8.1,Gloucester~^ Massachusetts. As a Child of Deaf Adults and the only hearing person in her family~^ high school senior Ruby Rossi always has a lot on her plate. Indeed~^ trying to juggle back-breaking work on her father's fishing boat~^ schoolwork~^ social life~^ and the family's expectations can be too much for a teenager. But do her parents know Ruby loves to sing? When Ruby signs up for the school choir~^ singing becomes a passion~^ and suddenly~^ the talented young girl finds herself at a crossroads: should Ruby spread her wings and follow her dreams~^ or should she keep fighting everyday battles as a member of the proud Rossi clan?,Comedy:Drama:Music,no,yes
tt10288566,Another Round (2020),https://imdb-api.com/images/original/MV5BOTNjM2Y2ZjgtMDc5NS00MDQ1LTgyNGYtYzYwMTAyNWQwYTMyXkEyXkFqcGdeQXVyMjE4NzUxNDA@._V1_Ratio0.6751_AL_.jpg,7.7,There is a theory that man is born with half a per mille too little. That alcohol in the blood opens the mind to the outside world~^ problems seem smaller and creativity increases. We know it well; after the first glass of wine~^ the conversation lifts~^ the possibilities open up. Martin is a high school teacher. He feels old and tired. His students and their parents want him terminated to increase their average. Encouraged by the per mille theory~^ Martin and his three colleagues throw themselves into an experiment to maintain a constant alcohol impact in everyday life. If Churchill won World War II in a dense fog of spirits~^ what could the strong drops do for them and their students? The result is positive in the beginning. Martin's class is in a different way now~^ and the project is being promoted to a real academic study with the collection of results. Slowly~^ but surely~^ the alcohol makes the four friends and their surroundings loosen up. The results are rising~^ and they really begin to feel life. As the objects go inboard~^ the experiment progresses for some~^ and goes off track for others. It becomes clearer and clearer that alcohol can generate great results in world history~^ but that all daring can also have consequences. The film is described as a fun~^ touching and thought-provoking drama about friendship~^ freedom - and alcohol.,Comedy:Drama,no,yes
tt5363618,Sound of Metal (2019),https://imdb-api.com/images/original/MV5BNjcyYjg0M2ItMzMyZS00NmM1LTlhZDMtN2MxN2RhNWY4YTkwXkEyXkFqcGdeQXVyNjY1MTg4Mzc@._V1_Ratio0.6751_AL_.jpg,7.7,Keeping at bay his inner demons by devoting himself to art~^ metal drummer~^ Ruben~^ has been living for the moment for the past four years. Then~^ while on tour with his lead-singer/girlfriend~^ Lou~^ Ruben realises that his hearing is rapidly deteriorating. As this sudden hearing loss turns his world upside down~^ and numbing fear paired with angry denial take over~^ Ruben reluctantly accepts to join a small deaf community overseen by Joe~^ a compassionate Vietnam War veteran. Now~^ Ruben needs to find some solid ground~^ understand that being deaf is not a handicap and that deafness isn't something to fix. But~^ is Ruben willing to accept his new life and learn how to be deaf?,Drama:Music,no,yes
tt1485796,The Greatest Showman (2017),https://imdb-api.com/images/original/MV5BMjI1NDYzNzY2Ml5BMl5BanBnXkFtZTgwODQwODczNTM@._V1_Ratio0.6751_AL_.jpg,7.6,Orphaned~^ penniless~^ but ambitious and with a mind crammed with imagination and fresh ideas~^ the American entertainer~^ Phineas Taylor Barnum~^ will always be remembered as the man with the gift to blur the line between reality and fiction. Thirsty for innovation and hungry for success~^ the son of a tailor manages to open a wax museum; however~^ he soon shifts focus to the unique and the peculiar~^ introducing extraordinary~^ never-seen-before live acts on the circus stage. Now~^ some people call Barnum's rich collection of oddities~^ an outright freak show; but~^ when Phineas~^ obsessed for cheers and respectability~^ gambles everything on the opera singer~^ Jenny Lind~^ to appeal to a high-brow audience~^ he will lose sight of the most crucial aspect of his life: his family. Will Barnum~^ the greatest showman~^ risk it all to be accepted?,Biography:Drama:Musical,no,yes
tt11464826,The Social Dilemma (2020),https://imdb-api.com/images/original/MV5BNDVhMGNhYjEtMDkwZi00NmQ5LWFkODktYzhiYjY2NTZmYTNhXkEyXkFqcGdeQXVyMTkxNjUyNQ@@._V1_Ratio0.6751_AL_.jpg,7.6,Set in the dark underbelly of Silicon Valley~^ The Social Dilemma fuses investigative documentary with enlightening narrative drama. Expert testimony from tech whistle-blowers exposes our disturbing predicament: the services Big Tech provides-search engines~^ networks~^ instant information~^ etc.-are merely the candy that lures us to bite. Once we're hooked and coming back for more~^ the real commodity they sell is their prowess to influence and manipulate us.,Documentary:Drama,no,yes
tt9620288,King Richard (2021),https://imdb-api.com/images/original/MV5BYTcyNmY4ZGEtYmE4Zi00ZDViLTlmYzMtMmQ4ZTM4OWNmZjQxXkEyXkFqcGdeQXVyMTkxNjUyNQ@@._V1_Ratio0.6751_AL_.jpg,7.5,"Armed with a clear vision and a brazen 78-page plan~^ Richard Williams is determined to write his daughters~^ Venus and Serena~^ into history. Training on Compton~^ California's neglected tennis courts--rain or shine--the girls are shaped by their father's unyielding commitment and their mother's balanced perspective and keen intuition~^ defying the seemingly insurmountable odds and prevailing expectations laid before them. Based on the true story that will inspire the world~^ ""King Richard"" follows the uplifting journey of a family whose unwavering resolve and unconditional belief ultimately delivers two of the world's greatest sports legends.",Biography:Drama:Sport,no,yes
tt6499752,Upgrade (2018),https://imdb-api.com/images/original/MV5BMjI0NzcyMjM5Ml5BMl5BanBnXkFtZTgwMzk2NzAyNTM@._V1_Ratio0.6751_AL_.jpg,7.5,Grey's a stay-at-home mechanic~^ whose wife is Asha. One day~^ Grey asks Asha to help him return a car to his client. Whilst Grey and Asha's self-driving car malfunctions~^ it crashes. Grey watches helplessly as Asha bleeds to death next to him. Grey returns home - a widowed quadriplegic~^ under the care of his mother. His wife's death and the inability of police to identify their attackers cause him to sink into a depression. After a suicide attempt~^ he's offered to have high tech chip implanted - enabling him to walk. Though initially hesitant~^ he's persuaded to have the surgery.,Action:Sci-Fi:Thriller,yes,yes
tt8721424,tick~^ tick...BOOM! (2021),https://imdb-api.com/images/original/MV5BZmMyMmE0M2UtN2E2MC00YzVmLTkwODgtOTVhYjVlOTBhY2RjXkEyXkFqcGdeQXVyODk4OTc3MTY@._V1_Ratio0.6751_AL_.jpg,7.5,The film follows Jon (Andrew Garfield)~^ a young theater composer who's waiting tables at a New York City diner in 1990 while writing what he hopes will be the next great American musical. Days before he's due to showcase his work in a make-or-break performance~^ Jon is feeling the pressure from everywhere: from his girlfriend Susan~^ who dreams of an artistic life beyond New York City; from his friend Michael~^ who has moved on from his dream to a life of financial security; amidst an artistic community being ravaged by the AIDS epidemic. With the clock ticking~^ Jon is at a crossroads and faces the question everyone must reckon with: What are we meant to do with the time we have?,Biography:Drama:Musical,no,yes
tt9784798,Judas and the Black Messiah (2021),https://imdb-api.com/images/original/MV5BMjBjYjBjNTUtOTg0Ni00Yzk2LTg1NWMtNjI2ODk2YjJmZGU0XkEyXkFqcGdeQXVyODE5NzE3OTE@._V1_Ratio0.6751_AL_.jpg,7.4,Fred Hampton~^ a young~^ charismatic activist~^ becomes Chairman of the Illinois chapter of the Black Panther Party - putting him directly in the crosshairs of the government~^ the FBI~^ and the Chicago Police. But to destroy the revolution~^ the authorities are going to need a man on the inside.,Biography:Drama:History,no,yes
tt11271038,Licorice Pizza (2021),https://imdb-api.com/images/original/MV5BYjkwMzIxYzMtOTVkMS00NDQxLThkMjItNzgxN2RiNjdlNTliXkEyXkFqcGdeQXVyODE5NzE3OTE@._V1_Ratio0.6751_AL_.jpg,7.4,LICORICE PIZZA is the story of Alana Kane and Gary Valentine growing up~^ running around and falling in love in the San Fernando Valley~^ 1973. Written and Directed by Paul Thomas Anderson~^ the film tracks the treacherous navigation of first love.,Comedy:Drama:Romance,no,yes
tt3581652,West Side Story (2021),https://imdb-api.com/images/original/MV5BMzQ5ZDZhZDItZTNmZi00MWQ0LWJlNDUtZTE4ZWJmODNlM2Y3XkEyXkFqcGdeQXVyMDA4NzMyOA@@._V1_Ratio0.6751_AL_.jpg,7.3,Manhattan~^ Upper West Side~^ 1957. Against the backdrop of the decaying tenements in the San Juan Hill neighbourhood and the constant threat of the wrecking ball~^ two warring gangs--tough Riff's Jets and swaggering Bernardo's Puerto Rican Sharks--fight for supremacy. Now~^ with a once-and-for-all~^ winner-takes-all rumble on the cards~^ an unexpected whirlwind romance at the high-school dance between former Jet brawler Tony and Bernardo's delicate little sister María sets the stage for an all-out turf war. But what's a gang without its territory? Above all~^ when the future is uncertain~^ what's hope without love?,Crime:Drama:Musical,no,yes
tt5580390,The Shape of Water (2017),https://imdb-api.com/images/original/MV5BNGNiNWQ5M2MtNGI0OC00MDA2LWI5NzEtMmZiYjVjMDEyOWYzXkEyXkFqcGdeQXVyMjM4NTM5NDY@._V1_Ratio0.6751_AL_.jpg,7.3,From master storyteller Guillermo del Toro comes THE SHAPE OF WATER~^ an otherworldly fable set against the backdrop of Cold War era America circa 1962. In the hidden high-security government laboratory where she works~^ lonely Elisa (Sally Hawkins) is trapped in a life of isolation. Elisa's life is changed forever when she and co-worker Zelda (Octavia Spencer) discover a secret classified experiment. Rounding out the cast are Michael Shannon~^ Richard Jenkins~^ Michael Stuhlbarg~^ and Doug Jones.,Drama:Fantasy:Romance,no,yes
tt12789558,Belfast (2021),https://imdb-api.com/images/original/MV5BODMwYTYyY2ItOWQ5Yi00OTI1LTllYTQtYTdlNWM4YzJhYTM0XkEyXkFqcGdeQXVyMTA2MDU0NjM5._V1_Ratio0.6751_AL_.jpg,7.3,Belfast~^ 15 August 1969. Surrounded by sporadic violence and growing danger~^ nine-year-old Buddy finds himself confronted with the ugly reality of sectarian conflict. And~^ as the suffocating stranglehold of increasing turmoil tightens around his once-peaceful working-class neighbourhood~^ Buddy tries his best to understand The Troubles--after all~^ someone must be responsible for forcing people to flee their homes. Now~^ Buddy's family must come face to face with a nearly impossible~^ life-altering decision: stay or start packing?,Biography:Drama:History,no,yes
tt14114802,The Outfit (2022),https://imdb-api.com/images/original/MV5BYWQ0NWUyMjktYjg4Yy00NmY3LTg2YzEtNWY5OTY5YTc2MjhjXkEyXkFqcGdeQXVyMTA2MDU0NjM5._V1_Ratio0.6751_AL_.jpg,7.3,Leonard (Mark Rylance)~^ a master English tailor who's ended up in Chicago~^ operates a corner tailor shop with his assistant (Zoey Deutch) where he makes beautiful clothes for the only people around who can afford them: a family of vicious gangsters. One night~^ two killers (Dylan O'Brien~^ Johnny Flynn) knock on his door in need of a favor - And Leonard is thrust onto the board in a deadly game of deception and murder.,Crime:Drama,no,yes
tt13560574,X (2022),https://imdb-api.com/images/original/MV5BMTJiMmE5YWItOWZjYS00YTg0LWE0MTYtMzg2ZTY4YjNkNDEzXkEyXkFqcGdeQXVyMTAzMDg4NzU0._V1_Ratio0.6751_AL_.jpg,7.3,Set in 1979~^ adult movie actors and a small film crew arrive to a farmhouse occupied by an elderly couple in the desolate Texas countryside to film an adult movie. As the day shifts to night~^ the visitors slowly realize that they are not safe~^ and are being targeted by a nearby enemy.,Horror,no,no
tt3791216,All the Way (2016),https://imdb-api.com/images/original/MV5BMzUwMTRmMjYtNjI0ZC00Mzc3LTgyZGQtZTA5OTg5ZmVkZDMxXkEyXkFqcGdeQXVyNDQzMDg4Nzk@._V1_Ratio0.6751_AL_.jpg,7.3,November 22~^ 1963. President John F. Kennedy has just been assassinated and Vice President Lyndon B. Johnson is now President. One of his first acts as President is to reaffirm the US government's intention to pass the Civil Rights Act. This Act was drafted while JFK was in office and gives people of all races the same rights~^ including voting rights~^ access to education and access to public facilities. However~^ he faces strong opposition to the bill~^ especially from within his own party. He will have to use all his political will and cunning to get it through.,Biography:Drama:History,no,yes
tt6334354,The Suicide Squad (2021),https://imdb-api.com/images/original/MV5BMWU4NDQ2NjEtNjhkOS00Y2MwLWJkODItZmJhZGE0MDU1OWM4XkEyXkFqcGdeQXVyODE5NzE3OTE@._V1_Ratio0.6751_AL_.jpg,7.2,In exchange for lighter sentences~^ just like the anti-hero team in Suicide Squad (2016)~^ a new batch of Belle Reve's meta-humans strike a deal with the cold head of Task Force X~^ Amanda Waller. This time~^ her ragtag band of super-powered convicts--Harley Quinn~^ Bloodsport~^ Peacemaker~^ King Shark~^ Polka-Dot Man~^ and Ratcatcher 2--venture into the peril-laden South American island nation of Corto Maltese to find the Thinker: the evil scientist in charge of the mysterious Project Starfish. But~^ as the band joins forces with an old leader of the notorious team~^ humankind is on the verge of extinction. Can the expendable Suicide Squad stop the new menace that could mean the end of the world as we know it?,Action:Adventure:Comedy,no,yes
tt8847712,The French Dispatch (2021),https://imdb-api.com/images/original/MV5BNmQxZTNiODYtNzBhYy00MzVlLWJlN2UtNTc4YWZjMDIwMmEzXkEyXkFqcGdeQXVyMTkxNjUyNQ@@._V1_Ratio0.6751_AL_.jpg,7.2,Faced with the impending dissolution of The French Dispatch~^ a factual weekly report on various subjects~^ old-school editor-in-chief Arthur Howitzer Jr. assembles the crème de la crème of the magazine's loyal expatriate journalists for one final issue. Against the backdrop of picturesque Ennui-sur-Blasé~^ Paris~^ France~^ three main articles unfold~^ pivoting around tormented genius artists~^ statuesque prison officers~^ flamboyant critics~^ moody idealists~^ conflicted ace reporters~^ legendary chefs~^ and~^ of course~^ the police.,Comedy:Drama:Romance,no,yes
tt5478478,Hostiles (2017),https://imdb-api.com/images/original/MV5BNjFhZjM4ZDYtMGRjYi00Yzc2LWExYmEtMDQ3NzA4ODU4YTljXkEyXkFqcGdeQXVyNjkwMzU3NDI@._V1_Ratio0.6751_AL_.jpg,7.2,In 1892 after nearly two decades of fighting the Cheyenne~^ the Apache~^ and the Comanche natives~^ the United States Cavalry Captain and war hero Joseph Blocker is ordered to escort the ailing Cheyenne chief~^ Yellow Hawk--his most despised enemy--to his ancestral home in Montana's Valley of the Bears. Nauseated with a baleful anger~^ Joseph's unwelcome final assignment is further complicated when widowed settler Rosalie Quaid is taken in by his band of soldiers. Aggressive packs of marauding Comanches are still on the warpath and thirsty for blood~^ so can the seasoned Captain do his duty one last time?,Drama:Western,no,yes
tt5093026,Papillon (2017),https://imdb-api.com/images/original/MV5BMjIxMTMyOTE2NF5BMl5BanBnXkFtZTgwMDYyNzY1NTM@._V1_Ratio0.6751_AL_.jpg,7.2,Based on the international best-selling autobiographical books "Papillon" and "Banco"~^ PAPILLON follows the epic story of Henri "Papillon" Charrière (Charlie Hunnam)~^ a safecracker from the Parisian underworld who is framed for murder and condemned to life in the notorious penal colony on Devil's Island. Determined to regain his freedom~^ Papillon forms an unlikely alliance with quirky convicted counterfeiter Louis Dega (Rami Malek)~^ who in exchange for protection~^ agrees to finance Papillon's escape.,Adventure:Biography:Crime,no,yes
tt3892172,Leave No Trace (2018),https://imdb-api.com/images/original/MV5BMjE3OTI1MTU0OV5BMl5BanBnXkFtZTgwNTg1MzkzNTM@._V1_Ratio0.6751_AL_.jpg,7.2,Will (Ben Foster) and his teenage daughter~^ Tom (Thomasin Harcourt McKenzie)~^ have lived off the grid for years in the forests of Portland~^ Oregon. When their idyllic life is shattered~^ both are put into social services. After clashing with their new surroundings~^ Will and Tom set off on a harrowing journey back to their wild homeland. The film is directed by Debra Granik from a script adapted by Granik and Anne Rosellini.,Adventure:Drama,no,yes
tt8368512,The Courier (2020),https://imdb-api.com/images/original/MV5BYjg4YTJlNzMtY2U0OC00N2FjLWI0ZTgtNGM1NDRhMWNhZmRkXkEyXkFqcGdeQXVyMDM2NDM2MQ@@._V1_Ratio0.6751_AL_.jpg,7.2,In the shadow of the Cold War a letter from Oleg Penkovsky (Merab Ninidze) an agency of the Soviet Union received by MI6 stating the concern of Penkovsky about world safety and his anxiety about a nuclear war~^ So Emily Donovan (Rachel Brosnahan) a CIA Agent reached out to MI6 Agent Dickie Franks (Angus Wright) ~^ who recruited British salesman Greville Wynne (Benedict Cumberbatch) to be their spy.,Drama:History:Thriller,no,yes
tt1965308,Interreflections (2020),https://imdb-api.com/images/original/MV5BMTU3Mjk4OTEzMl5BMl5BanBnXkFtZTgwODA0MTQ2MzE@._V1_Ratio0.6751_AL_.jpg,7.2,In a quest for a new~^ more humane society~^ a counter-culture revolution takes the world by storm. In the first of the InterReflections Trilogy~^ we look back to the modern world and wonder how it was we managed to survive as long as we had.,Fantasy:Sci-Fi,no,yes
tt5052474,Sicario: Day of the Soldado (2018),https://imdb-api.com/images/original/MV5BMTEzNjM2NTYxMjReQTJeQWpwZ15BbWU4MDU2NzAxNTUz._V1_Ratio0.6751_AL_.jpg,7.1,In this adventure/drama~^ CIA agent Matt Graver (Josh Brolin) enlists a mysterious operative to help investigate a Mexican drug cartel that has been smuggling terrorists into the U.S. Things escalate when the daughter of a top kingpin is abducted~^ forcing Graver and his partner to re-evaluate their mission.,Action:Adventure:Crime,no,yes
tt1259528,Den of Thieves (2018),https://imdb-api.com/images/original/MV5BMzYyODcwMDAyM15BMl5BanBnXkFtZTgwOTA4MjIwNDI@._V1_Ratio0.6751_AL_.jpg,7,A gritty L.A crime saga which follows the intersecting and often personally connected lives of an elite unit of the LA County Sheriff's Dept. and the state's most successful bank robbery crew as the outlaws plan an impossible heist on the Federal Reserve Bank of downtown Los Angeles.,Action:Crime:Drama,no,yes
tt14217100,Ferry (2021),https://imdb-api.com/images/original/MV5BZThhNWM2Y2ItMDRkOC00MWEyLTg5YmItMThkMzRjYjA3Mzk4XkEyXkFqcGdeQXVyMTEzMTI1Mjk3._V1_Ratio0.6751_AL_.jpg,7,Ruthless Ferry Bouman is sent to his native region of Brabant by his boss Brink to avenge an attack on their gang. When he meets lovely Danielle and old family feuds resurface~^ Brabant starts to pierce his steel armour.,Action:Crime:Drama,no,yes
tt2222042,Love and Monsters (2020),https://imdb-api.com/images/original/MV5BYWVkMWEyMDUtZTVmOC00MTYxLWE1ZTUtNjk4M2IzMjY2OTIxXkEyXkFqcGdeQXVyMDk5Mzc5MQ@@._V1_Ratio0.6751_AL_.jpg,7,Seven years after the Monsterpocalypse~^ Joel Dawson (Dylan O'Brien)~^ along with the rest of humanity~^ has been living underground ever since giant creatures took control of the land. After reconnecting over radio with his high school girlfriend Aimee (Jessica Henwick)~^ who is now 80 miles away at a coastal colony~^ Joel begins to fall for her again. As Joel realizes that there's nothing left for him underground~^ he decides against all logic to venture out to Aimee~^ despite all the dangerous monsters that stand in his way. The fun-filled and action-packed adventure also stars Michael Rooker and Ariana Greenblatt.,Action:Adventure:Comedy,no,yes
tt1587310,Maleficent (2014),https://imdb-api.com/images/original/MV5BMjAwMzAzMzExOF5BMl5BanBnXkFtZTgwOTcwMDA5MTE@._V1_Ratio0.6751_AL_.jpg,7,A beautiful~^ pure-hearted young woman~^ Maleficent has an idyllic life growing up in a peaceable forest kingdom~^ until one day when an invading army threatens the harmony of the land. Maleficent rises to be the land's fiercest protector~^ but she ultimately suffers a ruthless betrayal - an act that begins to turn her pure heart to stone. Bent on revenge~^ Maleficent faces a battle with the invading king's successor and~^ as a result~^ places a curse upon his newborn infant Aurora. As the child grows~^ Maleficent realizes that Aurora holds the key to peace in the kingdom - and perhaps to Maleficent's true happiness as well.,Adventure:Family:Fantasy,no,yes
tt11003218,Pig (2021),https://imdb-api.com/images/original/MV5BOTc2NjRmN2QtMGY1Ny00MTc2LWJmMWUtZmViOTkyNjk2NGExXkEyXkFqcGdeQXVyNzg5MzIyOA@@._V1_Ratio0.6751_AL_.jpg,7,With his only connection to the outside world lying in Portland businessman Amir~^ taciturn~^ meditative hermit Rob has found solace deep in the heart of the dense Oregon forests and the unique bond with his only companion: his beloved truffle-hunting pig. Tired of grappling with the profound sadness of prolonged grief~^ Rob relies on a simple daily routine to keep his sanity~^ self-respect~^ and dignity~^ utterly unaware that he has already caught unwanted attention. Now~^ his best friend is missing~^ and revenge can only make things worse. Indeed~^ strange as it sounds~^ inconsolable Rob only wants his pig back~^ and if he has to~^ he'll go to the edge of the world to find her. But first things first. Who has Rob's pig?,Drama:Mystery:Thriller,no,yes
tt6491178,Dragged Across Concrete (2018),https://imdb-api.com/images/original/MV5BMjE1MTk5NDQ5Ml5BMl5BanBnXkFtZTgwODUxNzg0NzM@._V1_Ratio0.6751_AL_.jpg,6.9,The script centers on two policemen~^ one an old-timer (Gibson)~^ the other his volatile younger partner (Vaughn)~^ who find themselves suspended when a video of their strong-arm tactics become the media's cause du jour. Low on cash and with no other options~^ these two embittered soldiers descend into the criminal underworld to gain their just due~^ but instead find far more than they wanted awaiting them in the shadows.,Action:Crime:Drama,no,yes
tt1390411,In the Heart of the Sea (2015),https://imdb-api.com/images/original/MV5BMjA5NzUwODExM15BMl5BanBnXkFtZTgwNjM0MzE4NjE@._V1_Ratio0.6751_AL_.jpg,6.9,"In the winter of 1820~^ the New England whaling ship Essex was assaulted by something no one could believe: a whale of mammoth size and will~^ and an almost human sense of vengeance. The real-life maritime disaster would inspire Herman Melville's Moby-Dick. But that told only half the story. ""In the Heart of the Sea"" reveals the encounter's harrowing aftermath~^ as the ship's surviving crew is pushed to their limits and forced to do the unthinkable to stay alive. Braving storms~^ starvation~^ panic and despair~^ the men will call into question their deepest beliefs~^ from the value of their lives to the morality of their trade~^ as their captain searches for direction on the open sea and his first mate still seeks to bring the great whale down.",Action:Adventure:Biography,no,yes
tt6105098,The Lion King (2019),https://imdb-api.com/images/original/MV5BMjIwMjE1Nzc4NV5BMl5BanBnXkFtZTgwNDg4OTA1NzM@._V1_Ratio0.6751_AL_.jpg,6.9,In Africa~^ the lion cub Simba is the pride and joy of his parents King Mufasa and Queen Sarabi. Mufasa prepares Simba to be the next king of the jungle. However~^ the naive Simba believes in his envious uncle Scar that wants to kill Mufasa and Simba to become the next king. He lures Simba and his friend Nala to go to a forbidden place and they are attacked by hyenas but they are rescued by Mufasa. Then Scar plots another scheme to kill Mufasa and Simba but the cub escapes alive and leaves the kingdom believing he was responsible for the death of his father. Now Scar becomes the king supported by the evil hyenas while Simba grows in a distant land. Sometime later~^ Nala meets Simba and tells that the kingdom has become a creepy wasteland. What will Simba do?,Animation:Adventure:Drama,no,yes
tt6820256,Arctic (2018),https://imdb-api.com/images/original/MV5BY2E2YTU0NDktMjQxZi00NTU1LWIyZTUtOGI2OGIzNTVjM2VmXkEyXkFqcGdeQXVyNDY2MjcyOTQ@._V1_Ratio0.6751_AL_.jpg,6.8,A man stranded in the Arctic after a plane crash must decide whether to remain in the relative safety of his makeshift camp or to embark on a deadly trek through the unknown in hopes of making it out alive.,Adventure:Drama,no,yes
tt10451852,Nine Days (2020),https://imdb-api.com/images/original/MV5BNGUzOTQwZDUtZjkxOS00YjNmLThmMWYtZjA3Y2M4MmU4Mjg0XkEyXkFqcGdeQXVyMTkxNjUyNQ@@._V1_Ratio0.6751_AL_.jpg,6.8,Will (Winston Duke) spends his days in a remote outpost watching the live Point of View (POV) on TV's of people going about their lives~^ until one subject perishes~^ leaving a vacancy for a new life on earth. Soon~^ several candidates - unborn souls - arrive at Will's to undergo tests determining their fitness~^ facing oblivion when they are deemed unsuitable. But Will soon faces his own existential challenge in the form of free-spirited Emma (Zazie Beetz)~^ a candidate who is not like the others~^ forcing him to turn within and reckon with his own tumultuous past. Fueled by unexpected power~^ he discovers a bold new path forward in his own life. Making his feature-film debut after a series of highly acclaimed and award-winning short films and music videos~^ Japanese Brazilian director Edson Oda delivers a heartfelt and meditative vision of human souls in limbo~^ aching to be born against unimaginable odds~^ yet hindered by forces beyond their will.,Drama:Fantasy,no,yes
tt5797184,Escape from Pretoria (2020),https://imdb-api.com/images/original/MV5BOWRhYWFkMDEtNTFjZC00OWJkLWJmMWQtNzI2OWRjZjVjOGYyXkEyXkFqcGdeQXVyMzQwMTY2Nzk@._V1_Ratio0.6751_AL_.jpg,6.8,Based on the real-life prison break of two political captives~^ Escape From Pretoria is a race-against-time thriller set in the tumultuous apartheid days of South Africa.,Crime:Mystery:Thriller,no,yes
tt3168230,Mr. Holmes (2015),https://imdb-api.com/images/original/MV5BMTg5MjE0Njk0MF5BMl5BanBnXkFtZTgwNTgwMjQ4NTE@._V1_Ratio0.6751_AL_.jpg,6.8,The story is set in 1947~^ following a long-retired Holmes living in a Sussex village with his housekeeper and her young son. But then he finds himself haunted by a thirty-year old case. Holmes memory isn't what it used to be~^ so he only remembers fragments of the case: a confrontation with an angry husband~^ and a secret bond with his beautiful~^ but unstable wife.,Drama:Mystery,no,yes
tt2139881,Long Shot (2019),https://imdb-api.com/images/original/MV5BMmE4Mzk0OWQtMDI1OS00NDU3LWI2M2YtNzc1MGMxZGI3ZTE1XkEyXkFqcGdeQXVyMjMxOTE0ODA@._V1_Ratio0.6751_AL_.jpg,6.8,Fred Flarsky (Seth Rogen) is a gifted and free-spirited journalist with an affinity for trouble. Charlotte Field (Charlize Theron) is one of the most influential women in the world. Smart~^ sophisticated~^ and accomplished~^ she's a powerhouse diplomat with a talent for...well~^ mostly everything. The two have nothing in common~^ except that she was his babysitter and childhood crush. When Fred unexpectedly reconnects with Charlotte~^ he charms her with his self-deprecating humor and his memories of her youthful idealism. As she prepares to make a run for the Presidency~^ Charlotte impulsively hires Fred as her speechwriter~^ much to the dismay of her trusted advisors. A fish-out-of-water on Charlotte's elite team~^ Fred is unprepared for her glamorous lifestyle in the limelight. However~^ sparks fly as their unmistakable chemistry leads to a round-the-world romance and a series of unexpected and dangerous incidents.,Comedy:Romance,no,yes
tt11214590,House of Gucci (2021),https://imdb-api.com/images/original/MV5BYzdlMTMyZWQtZWNmMC00MTJiLWIyMWMtM2ZlZDdlYzZhNTc0XkEyXkFqcGdeQXVyMTMzNDE5NDM2._V1_Ratio0.6751_AL_.jpg,6.7,House of Gucci is inspired by the family empire behind the Italian fashion house of Gucci. When Patrizia Reggiani (Lady Gaga)~^ an outsider from humble beginnings~^ marries into the Gucci family~^ her unbridled ambition begins to unravel the family legacy and triggers a reckless spiral of betrayal~^ decadence~^ revenge~^ and ultimately...murder.,Crime:Drama,no,yes
tt2463208,The Adam Project (2022),https://imdb-api.com/images/original/MV5BOWM0YWMwMDQtMjE5NS00ZTIwLWE1NWEtODViMWZjMWI2OTU3XkEyXkFqcGdeQXVyMTEyMjM2NDc2._V1_Ratio0.6751_AL_.jpg,6.7,Adam Reed~^ age 12 and still grieving his father's sudden death the year before~^ walks into his garage one night to find a wounded pilot hiding there. This mysterious pilot turns out to be the older version of himself from the future~^ where time travel is in its infancy. He has risked everything to come back in time on a secret mission. Together they must embark on an adventure into the past to find their father~^ set things right~^ and save the world. As the three work together~^ both young and grown Adam come to terms with the loss of their father and have a chance to heal the wounds that have shaped them. Adding to the challenge of the mission~^ the two Adams discover that they really don't like each other much~^ and if they are to save the world~^ first they need to figure out how to get along.,Action:Adventure:Comedy,no,yes
tt1034415,Suspiria (2018),https://imdb-api.com/images/original/MV5BMjQ2MTIyNjM2MF5BMl5BanBnXkFtZTgwMDE3NDMyNjM@._V1_Ratio0.6751_AL_.jpg,6.7,Susie Bannion is a young American ballerina who travels to Berlin to study dancing at Madame Blanc's Markos Tanz Company~^ one of the world's most renowned schools. On her first day~^ one of the students who had been recently expelled from the school is murdered. As this appalling happening does not seem to be an isolated occurrence~^ the brilliant new student soon begins to suspect that the school might be involved in the homicide. Her mistrust heightens when Sarah~^ one of the girls at the school~^ tells her that before she was killed~^ Pat confided to her that she knew and guarded a terrifying secret.,Drama:Fantasy:Horror,no,yes
tt8936646,Extraction (2020),https://imdb-api.com/images/original/MV5BMDJiNzUwYzEtNmQ2Yy00NWE4LWEwNzctM2M0MjE0OGUxZTA3XkEyXkFqcGdeQXVyMTMxODk2OTU@._V1_Ratio0.6751_AL_.jpg,6.7,In an underworld of weapons dealers and traffickers~^ a young boy becomes the pawn in a war between notorious drug lords. Trapped by kidnappers inside one of the world's most impenetrable cities~^ his rescue beckons the unparalleled skill of a mercenary named Tyler Rake~^ but Rake is a broken man with nothing to lose~^ harboring a death wish that makes an already deadly mission near impossible.,Action:Thriller,no,yes
tt12536294,Spencer (2021),https://imdb-api.com/images/original/MV5BMTdkZDc4YmQtYzA3My00NzliLThjN2YtMDIwMDkxY2Y4ODdmXkEyXkFqcGdeQXVyMTA2MDU0NjM5._V1_Ratio0.6751_AL_.jpg,6.7,The marriage between Princess Diana and Prince Charles has long since grown cold. Though rumors of affairs and a divorce abound~^ peace is ordained for the Christmas festivities at the Queen's estate. There's eating and drinking~^ shooting and hunting. Diana knows the game~^ but this year~^ things will be profoundly different.,Biography:Drama,no,yes
tt6292852,I Am Mother (2019),https://imdb-api.com/images/original/MV5BMTkxMTczNTA4Nl5BMl5BanBnXkFtZTgwNDAyMzgwODM@._V1_Ratio0.6751_AL_.jpg,6.7,In the wake of humanity's extinction~^ a teenage girl is raised by a robot designed to repopulate the earth. But their unique bond is threatened when an inexplicable stranger arrives with alarming news.,Drama:Mystery:Sci-Fi,no,yes
tt0870154,Jungle Cruise (2021),https://imdb-api.com/images/original/MV5BNDE1MGRlNTQtZjc4ZC00MTI0LWEwY2MtODk1YTM2NmFmYTNmXkEyXkFqcGdeQXVyODk4OTc3MTY@._V1_Ratio0.6751_AL_.jpg,6.6,1916. Dreaming about saving countless lives and having another adventure~^ the feisty English feminist and doctor of botany~^ Dr Lily Houghton~^ embarks on a peril-laden mission to change the world. Along with her fashionable brother~^ MacGregor~^ Dr Houghton enlists the help of the arrogant~^ wisecracking riverboat skipper~^ Captain Frank Wolff~^ to guide them through the serpentine Amazon River in La Quila~^ his swift wooden boat. Now~^ as the intrepid trio ventures deeper and deeper into the heart of an impenetrable green maze~^ searching for something that cannot be found~^ a centuries-old curse and the ruthless aristocrat~^ Prince Joachim~^ threaten to put an end to their ambitious plans. And~^ sooner or later~^ the jungle always wins. Is it true that the Spanish conquistador~^ Don Aguirre~^ was lost in the same God-forsaken part of the world?,Action:Adventure:Comedy,no,yes
tt10696896,Stillwater (2021),https://imdb-api.com/images/original/MV5BN2IzMTUyMDUtZGJmZC00YWMzLWFhMGMtZjQwMTkzMzViMjFkXkEyXkFqcGdeQXVyMTEyMjM2NDc2._V1_Ratio0.6751_AL_.jpg,6.6,Defeated by unemployment and the ghosts of the past~^ Bill Baker~^ an unemployed oil-rig worker from Stillwater~^ Oklahoma~^ is on the ropes. However~^ convinced of his daughter's innocence~^ who has already served five long years of a nine-year prison sentence for the murder of her girlfriend~^ widowed Bill travels to the port city of Marseilles~^ France~^ to visit estranged Allison. Now~^ while confronted with an insurmountable language barrier~^ cross-cultural differences~^ and maddening legal complexity~^ Baker decides to take matters into his own hands to exonerate his only child after failing to get Allison's case re-opened. But~^ second chances are hard to come by. Can the sad-eyed father forge new bonds with his long-lost child~^ and in the process~^ let the truth shine?,Crime:Drama:Thriller,no,yes
tt9243804,The Green Knight (2021),https://imdb-api.com/images/original/MV5BMjMxNTdiNWMtOWY0My00MjM4LTkwNzMtOGI0YThhN2Q4M2I4XkEyXkFqcGdeQXVyMTkxNjUyNQ@@._V1_Ratio0.6751_AL_.jpg,6.6,An epic fantasy adventure based on the timeless Arthurian legend~^ "The Green Knight" tells the story of Sir Gawain (Dev Patel)~^ King Arthur's reckless and headstrong nephew~^ who embarks on a daring quest to confront the eponymous Green Knight~^ a gigantic emerald-skinned stranger and tester of men. Gawain contends with ghosts~^ giants~^ thieves~^ and schemers in what becomes a deeper journey to define his character and prove his worth in the eyes of his family and kingdom by facing the ultimate challenger. From visionary filmmaker David Lowery comes a fresh and bold spin on a classic tale from the knights of the round table.,Adventure:Drama:Fantasy,no,yes
tt10696784,The Harder They Fall (2021),https://imdb-api.com/images/original/MV5BZTQwYThhZTYtZTQ3MC00NDQ0LWFkZGMtMzdiMTU3OGJiYTY0XkEyXkFqcGdeQXVyODE5NzE3OTE@._V1_Ratio0.6751_AL_.jpg,6.6,When outlaw Nat Love discovers that his enemy Rufus Buck is being released from prison he rounds up his gang to track Rufus down and seek revenge. Those riding with him in this assured~^ righteously new school Western include his former love Stagecoach Mary~^ his right and left hand men hot-tempered Bill Pickett and fast drawing Jim Beckwourth and a surprising adversary-turned-ally. Rufus Buck has his own fearsome crew~^ including "Treacherous" Trudy Smith and Cherokee Bill~^ and they are not a group that knows how to lose.,Action:Drama:Western,no,yes
tt1212428,The Lost City of Z (2016),https://imdb-api.com/images/original/MV5BNjAyN2QxOTItOGQ0YS00NmQxLWIxMjEtMDdkZmY0NDU5OWUzXkEyXkFqcGdeQXVyMTk1MDM0OTc@._V1_Ratio0.6751_AL_.jpg,6.6,The Lost City of Z tells the incredible true story of British explorer Percy Fawcett~^ who journeys into the Amazon at the dawn of the 20th century and discovers evidence of a previously unknown~^ advanced civilization that may have once inhabited the region. Despite being ridiculed by the scientific establishment who regard indigenous populations as "savages~^" the determined Fawcett - supported by his devoted wife~^ son and aide de camp returns time and again to his beloved jungle in an attempt to prove his case~^ culminating in his mysterious disappearance in 1925.,Adventure:Biography:Drama,no,yes
tt9777666,The Tomorrow War (2021),https://imdb-api.com/images/original/MV5BNTI2YTI0MWEtNGQ4OS00ODIzLWE1MWEtZGJiN2E3ZmM1OWI1XkEyXkFqcGdeQXVyODk4OTc3MTY@._V1_Ratio0.6751_AL_.jpg,6.6,The world is stunned when a group of time travelers arrive from the year 2051 to deliver an urgent message: Thirty years in the future~^ mankind is losing a global war against a deadly alien species. The only hope for survival is for soldiers and civilians from the present to be transported to the future and join the fight. Among those recruited is high school teacher and family man Dan Forester (Chris Pratt). Determined to save the world for his young daughter~^ Dan teams up with a brilliant scientist (Yvonne Strahovski) and his estranged father (J.K. Simmons) in a desperate quest to rewrite the fate of the planet.,Action:Adventure:Drama,no,yes
tt11525644,No Sudden Move (2021),https://imdb-api.com/images/original/MV5BNWI2ZDQxZDQtZDMxZi00ZWFhLTg1OGYtYmFkMjRkMDc2NDNkXkEyXkFqcGdeQXVyMTkxNjUyNQ@@._V1_Ratio0.6751_AL_.jpg,6.5,A group of criminals are brought together under mysterious circumstances and have to work together to uncover what's really going on when their simple job goes completely sideways.,Crime:Drama:Mystery,no,yes
tt6341832,Oxygen (2021),https://imdb-api.com/images/original/MV5BMWQ3N2EzNjYtMzgwYS00YjdmLThmOTUtMzc4NDUxZjZkY2RhXkEyXkFqcGdeQXVyMDM2NDM2MQ@@._V1_Ratio0.6751_AL_.jpg,6.5,Having no recollection of how she ended up there~^ Liz Hansen wakes up from her deep hypnosis in an air-sealed cryogenic unit the size of a coffin. With the oxygen resources steadily depleting~^ Liz must remain composed to piece together her fragmented memories and reconstruct her opaque identity with the help of M.I.L.O.~^ the pod's state-of-the-art A.I. However~^ trapped Liz can't move~^ she can't get out~^ and her oxygen levels can only last ninety short minutes. Does Liz have a fighting chance of surviving? Is there an escape from this claustrophobic nightmare?,Drama:Fantasy:Sci-Fi,no,yes
tt7657566,Death on the Nile (2022),https://imdb-api.com/images/original/MV5BNjI4ZTQ1OTYtNTI0Yi00M2EyLThiNjMtMzk1MmZlOWMyMDQwXkEyXkFqcGdeQXVyMTEyMjM2NDc2._V1_Ratio0.6751_AL_.jpg,6.4,Belgian sleuth Hercule Poirot's vacation aboard a glamorous river steamer turns into a terrifying search for a murderer when a picture-perfect couple's idyllic honeymoon is tragically cut short. Set against an epic landscape of sweeping Egyptian desert vistas and the majestic Giza pyramids~^ this tale of unbridled passion and incapacitating jealousy features a cosmopolitan group of impeccably dressed travelers~^ and enough wicked twists and turns to leave audiences guessing until the final~^ shocking denouement.,Crime:Drama:Mystery,no,yes
tt9032400,Eternals (2021),https://imdb-api.com/images/original/MV5BMTExZmVjY2ItYTAzYi00MDdlLWFlOWItNTJhMDRjMzQ5ZGY0XkEyXkFqcGdeQXVyODIyOTEyMzY@._V1_Ratio0.6751_AL_.jpg,6.4,Following the events of Avengers: Endgame (2019)~^ an unexpected tragedy forces the Eternals~^ ancient aliens who have been living on Earth in secret for thousands of years~^ out of the shadows to reunite against mankind's most ancient enemy~^ the Deviants.,Action:Adventure:Fantasy,no,yes
tt8110232,The Many Saints of Newark (2021),https://imdb-api.com/images/original/MV5BYmQzNmY3YzItOTE3OC00NGZjLTkwZDYtOWVmM2QyMzhiYTgwXkEyXkFqcGdeQXVyMTkxNjUyNQ@@._V1_Ratio0.6751_AL_.jpg,6.3,Young Anthony Soprano is growing up in one of the most tumultuous eras in Newark's history~^ becoming a man just as rival gangsters begin to rise up and challenge the all-powerful DiMeo crime family's hold over the increasingly race-torn city. Caught up in the changing times is the uncle he idolizes~^ Dickie Moltisanti~^ who struggles to manage both his professional and personal responsibilities and whose influence over his nephew will help make the impressionable teenager into the all-powerful mob boss we'll later come to know: Tony Soprano.,Crime:Drama,no,yes
tt9893250,I Care a Lot (2020),https://imdb-api.com/images/original/MV5BYWU2ZTRhNDMtMWYxMC00ZTVkLThjZmItZGY4MGU0YmZlMjJlXkEyXkFqcGdeQXVyMTkxNjUyNQ@@._V1_Ratio0.6751_AL_.jpg,6.3,Poised with sharklike self-assurance~^ Marla Grayson is a professional~^ court-appointed guardian for dozens of elderly wards whose assets she seizes and cunningly bilks through dubious but legal means. It's a well-oiled racket that Marla and her business-partner and lover~^ Fran~^ use with brutal efficiency on their latest "cherry~^" Jennifer Peterson - a wealthy retiree with no living heirs or family. But when their mark turns out to have an equally shady secret of her own and connections to a volatile gangster~^ Marla is forced to level up in a game only predators can play - one that's neither fair~^ nor square.,Comedy:Crime:Drama,no,yes
tt7069210,The Conjuring: The Devil Made Me Do It (2021),https://imdb-api.com/images/original/MV5BOWRkOTYzZTQtMzQwNi00NDYwLTk4NjUtN2FjYTI4Y2UzM2RjXkEyXkFqcGdeQXVyODE5NzE3OTE@._V1_Ratio0.6751_AL_.jpg,6.3,A chilling story of terror~^ murder and unknown evil that shocked even experienced real-life paranormal investigators Ed and Lorraine Warren. One of the most sensational cases from their files~^ it starts with a fight for the soul of a young boy~^ then takes them beyond anything they'd ever seen before~^ to mark the first time in U.S. history that a murder suspect would claim demonic possession as a defense.,Horror:Mystery:Thriller,no,yes
tt4680182,Colossal (2016),https://imdb-api.com/images/original/MV5BMTY2NTExOTA2MF5BMl5BanBnXkFtZTgwNTMwMjE2MTI@._V1_Ratio0.6751_AL_.jpg,6.2,Gloria (Anne Hathaway) is an out-of-work girl who~^ after getting kicked out of her apartment by her boyfriend~^ is forced to leave her life in New York and move back to her hometown. When news reports surface that a giant creature is destroying Seoul~^ South Korea~^ Gloria gradually comes to the realization that she is somehow connected to this far-off phenomenon. As events begin to spin out of control~^ Gloria must determine why her seemingly insignificant existence has such a colossal effect on the fate of the world.,Comedy:Drama:Fantasy,no,yes
tt9139586,Arkansas (2020),https://imdb-api.com/images/original/MV5BZDFkNTUzMzgtODU5Ny00MWZiLWE2YzQtMjM1NGY0ZWQ3M2YxXkEyXkFqcGdeQXVyNzg5MzIyOA@@._V1_Ratio0.6751_AL_.jpg,6,Kyle and Swin live by the orders of an Arkansas-based drug kingpin named Frog~^ whom they've never met. But when a deal goes horribly wrong~^ the consequences are deadly.,Crime:Thriller,no,yes
tt0993840,Army of the Dead (2021),https://imdb-api.com/images/original/MV5BNGY0NzgzYzctYWQwMC00MzM2LThjNGMtZjFjMWUyNzg0ZmM0XkEyXkFqcGdeQXVyODk4OTc3MTY@._V1_Ratio0.6751_AL_.jpg,5.7,With the abandoned~^ walled city of Las Vegas overrun with zombies~^ after a disastrous government fault~^ billionaire casino magnate Bly Tanaka realises he has left something behind in Sin City: $200 million to be more precise. But for the time being~^ his mountains of cash are safe behind an impenetrable casino vault. Now~^ Tanaka is willing to pay $50 million to decorated former mercenary Scott Ward and his hand-picked team to retrieve the money before the US President nukes the entire city. Indeed~^ this is a life-changing offer Scott cannot refuse; nevertheless~^ the rules have changed~^ and this time~^ the horde of the walking undead seems to be more organised than they might have expected. And~^ above all~^ time is running out. Will Ward's crew return from Vegas in one piece and rich?,Action:Crime:Horror,no,yes
tt2312184,All About the Money (2017),https://imdb-api.com/images/original/MV5BNmZmYzg2OWMtMmE4OC00MTkwLTgwNjktYzE0ZDc1Zjk3OWNlXkEyXkFqcGdeQXVyMTk3NzQ0MQ@@._V1_Ratio0.6751_AL_.jpg,5.4,Two "down on their luck" buddies are convinced by a third to take a vacation. Only after landing in Colombia~^ South America~^ do they realize that they are there to attempt to capture the United States most wanted criminal - with no military training.,Action:Adventure:Comedy,no,yes
tt8404256,Snake Eyes (2021),https://imdb-api.com/images/original/MV5BNGJmMWUwMDgtYjEyNS00YmZhLTk3ZGEtZDliZDBhMDJkMGUyXkEyXkFqcGdeQXVyMDM2NDM2MQ@@._V1_Ratio0.6751_AL_.jpg,5.4,After saving the life of their heir apparent~^ tenacious loner Snake Eyes is welcomed into an ancient Japanese clan called the Arashikage where he is taught the ways of the ninja warrior. But~^ when secrets from his past are revealed~^ Snake Eyes' honor and allegiance will be tested - even if that means losing the trust of those closest to him.,Action:Adventure:Fantasy,no,yes
tt2039338,Flatliners (2017),https://imdb-api.com/images/original/MV5BMTExMTk2ODk0NDNeQTJeQWpwZ15BbWU4MDMxNTExNjIy._V1_Ratio0.6751_AL_.jpg,5.2,A medical student~^ Courtney~^ is obsessed with the idea of the afterlife~^ wanting to find out what happens after death. She invites fellow students Jamie and Sophia to join her in an experiment~^ in an unused hospital room: using defibrillation to stop her heart for sixty seconds while recording her brain~^ and then reviving her. She assures them they would not be held responsible for any accidents. Sophia is against this~^ but Jamie does it anyway. After sixty seconds~^ they panic as they are unable to revive her~^ but eventually manage to with the help of fellow student Ray. Later~^ Marlo~^ a rival of Ray~^ arrives and learns of the experiment..,Drama:Horror:Mystery,no,yes
